{
	"groups": [
		{
			"keys": "checkbox_select_disabled_png,checkbox_select_down_png,checkbox_select_up_png,checkbox_unselect_png,selected_png,border_png,header_png,radiobutton_select_disabled_png,radiobutton_select_down_png,radiobutton_select_up_png,radiobutton_unselect_png,roundthumb_png,thumb_png,track_png,tracklight_png,handle_png,off_png,on_png,button_down_png,button_up_png,thumb_pb_png,track_pb_png,track_sb_png,bg_jpg,description_json,circle_bg_png,blood_png,btn1_png,btn2_png,circle_min_png,circle_mid_png,circle_max_png,star_collect_wav,special_egg_wav,level_wav,start_jpg,mask_png,btn3_jpg,start_red_png,start_hand_png",
			"name": "preload"
		}
	],
	"resources": [
		{
			"url": "assets/CheckBox/checkbox_select_disabled.png",
			"type": "image",
			"name": "checkbox_select_disabled_png"
		},
		{
			"url": "assets/CheckBox/checkbox_select_down.png",
			"type": "image",
			"name": "checkbox_select_down_png"
		},
		{
			"url": "assets/CheckBox/checkbox_select_up.png",
			"type": "image",
			"name": "checkbox_select_up_png"
		},
		{
			"url": "assets/CheckBox/checkbox_unselect.png",
			"type": "image",
			"name": "checkbox_unselect_png"
		},
		{
			"url": "assets/ItemRenderer/selected.png",
			"type": "image",
			"name": "selected_png"
		},
		{
			"url": "assets/Panel/border.png",
			"type": "image",
			"name": "border_png"
		},
		{
			"url": "assets/Panel/header.png",
			"type": "image",
			"name": "header_png"
		},
		{
			"url": "assets/RadioButton/radiobutton_select_disabled.png",
			"type": "image",
			"name": "radiobutton_select_disabled_png"
		},
		{
			"url": "assets/RadioButton/radiobutton_select_down.png",
			"type": "image",
			"name": "radiobutton_select_down_png"
		},
		{
			"url": "assets/RadioButton/radiobutton_select_up.png",
			"type": "image",
			"name": "radiobutton_select_up_png"
		},
		{
			"url": "assets/RadioButton/radiobutton_unselect.png",
			"type": "image",
			"name": "radiobutton_unselect_png"
		},
		{
			"url": "assets/ScrollBar/roundthumb.png",
			"type": "image",
			"name": "roundthumb_png"
		},
		{
			"url": "assets/Slider/thumb.png",
			"type": "image",
			"name": "thumb_png"
		},
		{
			"url": "assets/Slider/track.png",
			"type": "image",
			"name": "track_png"
		},
		{
			"url": "assets/Slider/tracklight.png",
			"type": "image",
			"name": "tracklight_png"
		},
		{
			"url": "assets/ToggleSwitch/handle.png",
			"type": "image",
			"name": "handle_png"
		},
		{
			"url": "assets/ToggleSwitch/off.png",
			"type": "image",
			"name": "off_png"
		},
		{
			"url": "assets/ToggleSwitch/on.png",
			"type": "image",
			"name": "on_png"
		},
		{
			"url": "assets/Button/button_down.png",
			"type": "image",
			"name": "button_down_png"
		},
		{
			"url": "assets/Button/button_up.png",
			"type": "image",
			"name": "button_up_png"
		},
		{
			"url": "assets/ProgressBar/thumb_pb.png",
			"type": "image",
			"name": "thumb_pb_png"
		},
		{
			"url": "assets/ProgressBar/track_pb.png",
			"type": "image",
			"name": "track_pb_png"
		},
		{
			"url": "assets/ScrollBar/track_sb.png",
			"type": "image",
			"name": "track_sb_png"
		},
		{
			"url": "assets/bg.jpg",
			"type": "image",
			"name": "bg_jpg"
		},
		{
			"url": "config/description.json",
			"type": "json",
			"name": "description_json"
		},
		{
			"url": "assets/circle_bg.png",
			"type": "image",
			"name": "circle_bg_png"
		},
		{
			"url": "assets/blood.png",
			"type": "image",
			"name": "blood_png"
		},
		{
			"url": "assets/btn1.png",
			"type": "image",
			"name": "btn1_png"
		},
		{
			"url": "assets/btn2.png",
			"type": "image",
			"name": "btn2_png"
		},
		{
			"url": "assets/circle_min.png",
			"type": "image",
			"name": "circle_min_png"
		},
		{
			"url": "assets/circle_mid.png",
			"type": "image",
			"name": "circle_mid_png"
		},
		{
			"url": "assets/circle_max.png",
			"type": "image",
			"name": "circle_max_png"
		},
		{
			"url": "sound/star_collect.wav",
			"type": "sound",
			"name": "star_collect_wav"
		},
		{
			"url": "sound/special_egg.wav",
			"type": "sound",
			"name": "special_egg_wav"
		},
		{
			"name": "level_wav",
			"type": "sound",
			"url": "sound/level.wav"
		},
		{
			"name": "start_jpg",
			"type": "image",
			"url": "assets/start.jpg"
		},
		{
			"name": "mask_png",
			"type": "image",
			"url": "assets/mask.png"
		},
		{
			"name": "btn3_jpg",
			"type": "image",
			"url": "assets/btn3.jpg"
		},
		{
			"name": "start_red_png",
			"type": "image",
			"url": "assets/start_red.png"
		},
		{
			"name": "start_hand_png",
			"type": "image",
			"url": "assets/start_hand.png"
		}
	]
}