{
	"groups": [
		{
			"keys": "checkbox_select_disabled_png,checkbox_select_down_png,checkbox_select_up_png,checkbox_unselect_png,selected_png,border_png,header_png,radiobutton_select_disabled_png,radiobutton_select_down_png,radiobutton_select_up_png,radiobutton_unselect_png,roundthumb_png,thumb_png,track_png,tracklight_png,handle_png,off_png,on_png,button_down_png,button_up_png,thumb_pb_png,track_pb_png,track_sb_png,bg_jpg,description_json,circle_bg_png,blood_png,btn1_png,btn2_png,circle_min_png,circle_mid_png,circle_max_png,star_collect_wav,special_egg_wav,level_wav,start_jpg,mask_png,btn3_jpg,start_red_png,start_hand_png,bg2_jpg,blood2_png,btn12_png,btn22_png,btn32_jpg,circle_bg2_png,circle_max2_png,circle_mid2_png,circle_min2_png,mask2_png,start2_jpg,start_hand2_png,start_red2_png,button_down2_png,button_up2_png,checkbox_select_disabled2_png,checkbox_select_down2_png,checkbox_select_up2_png,checkbox_unselect2_png,selected2_png,border2_png,header2_png,thumb_pb2_png,track_pb2_png,radiobutton_select_disabled2_png,radiobutton_select_down2_png,radiobutton_select_up2_png,radiobutton_unselect2_png,roundthumb2_png,track_sb2_png,thumb2_png,track2_png,tracklight2_png,handle2_png,off2_png,on2_png,level2_wav,special_egg2_wav,star_collect2_wav",
			"name": "preload"
		}
	],
	"resources": [
		{
			"url": "assets/CheckBox/checkbox_select_disabled.png",
			"type": "image",
			"name": "checkbox_select_disabled_png"
		},
		{
			"url": "assets/CheckBox/checkbox_select_down.png",
			"type": "image",
			"name": "checkbox_select_down_png"
		},
		{
			"url": "assets/CheckBox/checkbox_select_up.png",
			"type": "image",
			"name": "checkbox_select_up_png"
		},
		{
			"url": "assets/CheckBox/checkbox_unselect.png",
			"type": "image",
			"name": "checkbox_unselect_png"
		},
		{
			"url": "assets/ItemRenderer/selected.png",
			"type": "image",
			"name": "selected_png"
		},
		{
			"url": "assets/Panel/border.png",
			"type": "image",
			"name": "border_png"
		},
		{
			"url": "assets/Panel/header.png",
			"type": "image",
			"name": "header_png"
		},
		{
			"url": "assets/RadioButton/radiobutton_select_disabled.png",
			"type": "image",
			"name": "radiobutton_select_disabled_png"
		},
		{
			"url": "assets/RadioButton/radiobutton_select_down.png",
			"type": "image",
			"name": "radiobutton_select_down_png"
		},
		{
			"url": "assets/RadioButton/radiobutton_select_up.png",
			"type": "image",
			"name": "radiobutton_select_up_png"
		},
		{
			"url": "assets/RadioButton/radiobutton_unselect.png",
			"type": "image",
			"name": "radiobutton_unselect_png"
		},
		{
			"url": "assets/ScrollBar/roundthumb.png",
			"type": "image",
			"name": "roundthumb_png"
		},
		{
			"url": "assets/Slider/thumb.png",
			"type": "image",
			"name": "thumb_png"
		},
		{
			"url": "assets/Slider/track.png",
			"type": "image",
			"name": "track_png"
		},
		{
			"url": "assets/Slider/tracklight.png",
			"type": "image",
			"name": "tracklight_png"
		},
		{
			"url": "assets/ToggleSwitch/handle.png",
			"type": "image",
			"name": "handle_png"
		},
		{
			"url": "assets/ToggleSwitch/off.png",
			"type": "image",
			"name": "off_png"
		},
		{
			"url": "assets/ToggleSwitch/on.png",
			"type": "image",
			"name": "on_png"
		},
		{
			"url": "assets/Button/button_down.png",
			"type": "image",
			"name": "button_down_png"
		},
		{
			"url": "assets/Button/button_up.png",
			"type": "image",
			"name": "button_up_png"
		},
		{
			"url": "assets/ProgressBar/thumb_pb.png",
			"type": "image",
			"name": "thumb_pb_png"
		},
		{
			"url": "assets/ProgressBar/track_pb.png",
			"type": "image",
			"name": "track_pb_png"
		},
		{
			"url": "assets/ScrollBar/track_sb.png",
			"type": "image",
			"name": "track_sb_png"
		},
		{
			"url": "assets/bg.jpg",
			"type": "image",
			"name": "bg_jpg"
		},
		{
			"url": "config/description.json",
			"type": "json",
			"name": "description_json"
		},
		{
			"url": "assets/circle_bg.png",
			"type": "image",
			"name": "circle_bg_png"
		},
		{
			"url": "assets/blood.png",
			"type": "image",
			"name": "blood_png"
		},
		{
			"url": "assets/btn1.png",
			"type": "image",
			"name": "btn1_png"
		},
		{
			"url": "assets/btn2.png",
			"type": "image",
			"name": "btn2_png"
		},
		{
			"url": "assets/circle_min.png",
			"type": "image",
			"name": "circle_min_png"
		},
		{
			"url": "assets/circle_mid.png",
			"type": "image",
			"name": "circle_mid_png"
		},
		{
			"url": "assets/circle_max.png",
			"type": "image",
			"name": "circle_max_png"
		},
		{
			"url": "sound/star_collect.wav",
			"type": "sound",
			"name": "star_collect_wav"
		},
		{
			"url": "sound/special_egg.wav",
			"type": "sound",
			"name": "special_egg_wav"
		},
		{
			"name": "level_wav",
			"type": "sound",
			"url": "sound/level.wav"
		},
		{
			"name": "start_jpg",
			"type": "image",
			"url": "assets/start.jpg"
		},
		{
			"name": "mask_png",
			"type": "image",
			"url": "assets/mask.png"
		},
		{
			"name": "btn3_jpg",
			"type": "image",
			"url": "assets/btn3.jpg"
		},
		{
			"name": "start_red_png",
			"type": "image",
			"url": "assets/start_red.png"
		},
		{
			"name": "start_hand_png",
			"type": "image",
			"url": "assets/start_hand.png"
		},
		{
			"name": "bg2_jpg",
			"type": "image",
			"url": "assets/bg.jpg"
		},
		{
			"name": "blood2_png",
			"type": "image",
			"url": "assets/blood.png"
		},
		{
			"name": "btn12_png",
			"type": "image",
			"url": "assets/btn1.png"
		},
		{
			"name": "btn22_png",
			"type": "image",
			"url": "assets/btn2.png"
		},
		{
			"name": "btn32_jpg",
			"type": "image",
			"url": "assets/btn3.jpg"
		},
		{
			"name": "circle_bg2_png",
			"type": "image",
			"url": "assets/circle_bg.png"
		},
		{
			"name": "circle_max2_png",
			"type": "image",
			"url": "assets/circle_max.png"
		},
		{
			"name": "circle_mid2_png",
			"type": "image",
			"url": "assets/circle_mid.png"
		},
		{
			"name": "circle_min2_png",
			"type": "image",
			"url": "assets/circle_min.png"
		},
		{
			"name": "mask2_png",
			"type": "image",
			"url": "assets/mask.png"
		},
		{
			"name": "start2_jpg",
			"type": "image",
			"url": "assets/start.jpg"
		},
		{
			"name": "start_hand2_png",
			"type": "image",
			"url": "assets/start_hand.png"
		},
		{
			"name": "start_red2_png",
			"type": "image",
			"url": "assets/start_red.png"
		},
		{
			"name": "button_down2_png",
			"type": "image",
			"url": "assets/Button/button_down.png"
		},
		{
			"name": "button_up2_png",
			"type": "image",
			"url": "assets/Button/button_up.png"
		},
		{
			"name": "checkbox_select_disabled2_png",
			"type": "image",
			"url": "assets/CheckBox/checkbox_select_disabled.png"
		},
		{
			"name": "checkbox_select_down2_png",
			"type": "image",
			"url": "assets/CheckBox/checkbox_select_down.png"
		},
		{
			"name": "checkbox_select_up2_png",
			"type": "image",
			"url": "assets/CheckBox/checkbox_select_up.png"
		},
		{
			"name": "checkbox_unselect2_png",
			"type": "image",
			"url": "assets/CheckBox/checkbox_unselect.png"
		},
		{
			"name": "selected2_png",
			"type": "image",
			"url": "assets/ItemRenderer/selected.png"
		},
		{
			"name": "border2_png",
			"type": "image",
			"url": "assets/Panel/border.png"
		},
		{
			"name": "header2_png",
			"type": "image",
			"url": "assets/Panel/header.png"
		},
		{
			"name": "thumb_pb2_png",
			"type": "image",
			"url": "assets/ProgressBar/thumb_pb.png"
		},
		{
			"name": "track_pb2_png",
			"type": "image",
			"url": "assets/ProgressBar/track_pb.png"
		},
		{
			"name": "radiobutton_select_disabled2_png",
			"type": "image",
			"url": "assets/RadioButton/radiobutton_select_disabled.png"
		},
		{
			"name": "radiobutton_select_down2_png",
			"type": "image",
			"url": "assets/RadioButton/radiobutton_select_down.png"
		},
		{
			"name": "radiobutton_select_up2_png",
			"type": "image",
			"url": "assets/RadioButton/radiobutton_select_up.png"
		},
		{
			"name": "radiobutton_unselect2_png",
			"type": "image",
			"url": "assets/RadioButton/radiobutton_unselect.png"
		},
		{
			"name": "roundthumb2_png",
			"type": "image",
			"url": "assets/ScrollBar/roundthumb.png"
		},
		{
			"name": "track_sb2_png",
			"type": "image",
			"url": "assets/ScrollBar/track_sb.png"
		},
		{
			"name": "thumb2_png",
			"type": "image",
			"url": "assets/Slider/thumb.png"
		},
		{
			"name": "track2_png",
			"type": "image",
			"url": "assets/Slider/track.png"
		},
		{
			"name": "tracklight2_png",
			"type": "image",
			"url": "assets/Slider/tracklight.png"
		},
		{
			"name": "handle2_png",
			"type": "image",
			"url": "assets/ToggleSwitch/handle.png"
		},
		{
			"name": "off2_png",
			"type": "image",
			"url": "assets/ToggleSwitch/off.png"
		},
		{
			"name": "on2_png",
			"type": "image",
			"url": "assets/ToggleSwitch/on.png"
		},
		{
			"name": "level2_wav",
			"type": "sound",
			"url": "sound/level.wav"
		},
		{
			"name": "special_egg2_wav",
			"type": "sound",
			"url": "sound/special_egg.wav"
		},
		{
			"name": "star_collect2_wav",
			"type": "sound",
			"url": "sound/star_collect.wav"
		}
	]
}